tweet,label
"@dhyanuarti @FerdinandHutah4 @YoutubeILC @ganjarpranowo @jokowi @gibran_tweet Benar sah aja sik warga Indonesia mo milih siapa aja, tapi boleh dong nanya, kebijakan Pak Jokowi yg mana, yg smpe Mba minta Pak Jokowi 3 periode?",Netral
"@dhyanuarti @ViviTanxx @FerdinandHutah4 @YoutubeILC @ganjarpranowo @jokowi @gibran_tweet Hari gini masi mikir kuota Mba, bukannya sejahtera jaman Pak Jokowi, makanya minta 3 periode?",Pro
@caul_tanjung Majulah sampai 3 Periode bapak Jokowi agar negara ini smakin maju serta adil makmur,Pro
"@awemany Jokowi paling josss sbg presiden ,,, Bemokarat mangkrak  Salam 3 periode",Pro
@ChusnulCh__ @ganjarpranowo Dari Jokowi. Sampe Ganjar Pranowo...survey akal akalan ...he he .. oligarki pengen 3 periode,Kontra
@muhtaramadhan jokowi 3 periode,Netral
@sapulidi95 Makanya jokowi trs di up buat 3 periode atau jd wapresğŸ˜†ğŸ˜€,Netral
Mengembalikan kejayaan bangsa pelaut! HIDUP JOKO WIDODO @jokowi ! Mari 3 Periode! Ehh! HahahağŸ¤©ğŸ¤©ğŸ¤© Langsungg pada jenggot kebakaran deh!!!!,Pro
@ntrahman2013 @HelmiFelis_ Bela rakyat yg mana?... ngimpi!!!... Lha wong rakyat malah dukung Jokowi 3 Periode... Drun... drun...,Pro
"@jokowi Titip jejak dulu, lanjutkan pak pokoknya 3 periode",Pro
"@SisiwittFrida @jokowi @tolak3periode Yup, emang kita kawal. Tapi yang minta tiga periode itu masyarakat loh bukan beliau. Hanya saja masyarakat yg baik tahu hukum dan konstitusi. Pun beliau taat hukum dan gak minat.  Gak ada jalannya buat tiga periode. T",Netral
"Untuk semua kebijakan yg dibuat di indonesia, saya sudah ikhlas, hidup saya serahkan pada Allah. Mau kompor induksi kek, mobil listrik kek, jokowi 3 periode kek, aku gapapa, gapapa.",Netral
@caul_tanjung Salam 3 periode pak jokowi biar kadrun tambah modarrrrğŸ˜ğŸ˜ğŸ˜,Kontra
"@didienAZHAR Yg sinting jelas yg ketakutan kalau-kalau pak jokowi nyalon lagi, shg pasti kalah lagi. PAdahal dah tegas penyataan jokowi. Dah gitu dari celah mana aja gak mungkin bisa calon 3 periode.Takut kalah yaa takut aja, gak usah banyak cingcong",Pro
MOHON PENGAMPUNAN KEPADA PRESIDEN JOKOWI  MENDUKUNG 3 PERIODE. ATAU WAPRES? BGM BAIK?  NAZAR UMR SUDAH DIJALANKAN SEJAK 9 SEPT 2022   @LambeTurahTweet  @agnesbeatahenny  @Bjorkanism_  @CIA  @Pontifex  @China2ASEAN  @PolandMFA  @,Netral
@CNNIndonesia Jokowi tidak bisa 3 periode mangkanya ngomong gitu wkwkwk,Kontra
@didienAZHAR Situ baca berita gak bro .??  Kalo engga baca coba liat tipi di kelurahan....  Jadi ngerti kalo pak Jokowi gak mau 3 periode...  Paham...!!!,Netral
"@Di4ntara Wiiikkh.., iyo kah..?? Luar binasa, padahal slama ini sya suuzon klo qm pendukung setia Pak jokowi 3 periode..ğŸ¤£ Alhamdulillah Punya Presiden tapi seperti tk punya..ğŸ˜­",Kontra
@SisiwittFrida @jokowi Seandainya diizinkan 3 periode apakah siap bertarung dengan Bapak @jokowi ? Nah dari sini akan ketauan rakyat lebih milih yg mana ?,Netral
@caul_tanjung Desakan Jokowi Turun makin Viral.. Jokowi 3 Periode makin membahenol ğŸ¤£ğŸ¤£ğŸ¤£ğŸ¤£ğŸ¤£  https://t.co/sPJNXMxTZv,Netral
Pak Prabowo yang ganteng! Kemungkinan besar yang buat baliho gambar anda duet dengan Pak Jokower adalah gerombolan kecebong yang ingin Pak Jokowi 3 periode ğŸ¤£,Kontra
"@ADerijanto @HerwandiRuswan @msaid_didu Lu lah karena Jokowi sdh2 priode, bahasa lu spill gw utk 3 periode. ğŸ¤£ğŸ¤£ğŸ¤£Akut",Kontra
"@ApriyatnaYudi @HelmiFelis_ Saya tetap dukung 3 periode   ""Jokowi-prabowo"" biar kadrun kepanasan",Pro
"@SutanMangaraHrp @sutanmangara Org bilng 3 periode mah bebas, kan yg pnting JOKOWI UDH jwb beberapa kali KLO DIA g mau 3 PERIODE,  Situ sih baperan tntng 3 periode",Netral
"@CNNIndonesia Hidup jokowi, lanjutkan 3 periode, kl bisa seumur hidup",Pro
"@RoesianaM @SofianBrahmana @SisiwittFrida @jokowi @tolak3periode Dia yg paling sibuk atau budek sudah dibilang ber kali2 msh gak ngerti kalau mau tolak 3 periode teriaknya di MPR  Rakyat menyuarakan pendptnya dibilang inkonstitusional,kalau ada yg mau tur",Pro
Pak Jokowi sdh jelas taat pada konstitusi dan menolak usulan 3 periode. Kadrun sdh tdk punya bahan lagi utk menyerang pak Jokowi. Jadi yg TOLOL siapa ?,Pro
"@JohanIkmal @wawan_kiply @didienAZHAR Yg sinting itu yg ketakutan kl @jokowi 3 periode, padahal jelas ga bakalan terjadi.. ğŸ¤£ğŸ¤£ğŸ¤£",Pro
"@supari_yanto @MardaniAliSera  @fadlizon   'Turunkan Jokowi'              &amp; ""Jokowi 3 periode""   &lt;&lt; Slogan yg setara &gt;&gt;  Dlm demokrasi, Knapa kadrun jd kejangÂ² klo dengar treakan ""Jokowi 3 Periode"" &amp; senyum dgn treakan 'turunkan jokow",Kontra
Demokrat &amp; PKS Nangis Berdarah ! Salam 3 jari Jokowi 3 periode lanjutkan.  Mateg kon drun ... ğŸ¤£ğŸ¤£  https://t.co/Tr6vpqWthhâ€¦ @dir1ku @hnurwahid @HerryYuwono6 @AgusYudhoyono @BHD_8 @Oetaryo7 @alex_hunter146 @KodratArief @SBYudhoyono @kangmirdja @istidharto  https://t.co/SlQKYctHAd,Pro
"@GeiszChalifah Horeeeeeee  Pak Jokowi 3 periode  Menterinya hebat semua, hanya anies yg dipecat",Pro
@Rudy_pejuang Anda menginginkan pak Jokowi mundur dan sy dukung 3 periode.   ğŸ‘ŠğŸ‘ŠğŸ‘Š,Pro
"Demokrat, PKS Nangis Darah ! Salam 3 jari Jokowi 3 periode lanjutkan.  Mateg kon drun ... ğŸ¤£ğŸ¤£  https://t.co/bojR9G1ZMV @_Goentoer_ @tawali9999 @LoeGueNKRI_2 @Mulyadisae3 @Mohamad50983447 @edo_macho @Oodhi_tah @ali_muntasor @mudabdab @supari_yanto @M_Katjasungkana @Simbok_Dharmi",Pro
"@gibran_tweet Kan sudah jelas jokowi lahir 1961 pki di bubarkan 1965 berarti 4 tahun,terus cucunya jan ethes lahir 2016 pas jokowi 2 periode 2019 berarti umur 3 tahun sudah jelaskan mereka berdua balita PKI produk dari PKI tapi jokowi engga ngaku mau jadi",Netral
"Leres teh, kebayang masak rendang pake kompor induksi, pak jokowi dah rampung 3 periode kali juga belum masak rendangnya wkkwkwkkwk",Kontra
"@HelmiFelis_ Salam 3 jari Jokowi 3 periode lanjutkan.  Mateg kon drun,tambah nangis darah. ğŸ¤£ğŸ¤£  https://t.co/yWoprnBYnH",Pro
@kafiradikalis Yesss Jokowi 3 periode!!!,Pro
@didienAZHAR Cuma di jaman Jokowi blm naik sdh disuruh turun..... Malah jd 2 periode..... Semoga jd 3 periode... ğŸ˜€ğŸ˜ƒğŸ˜„ğŸ˜.... Makin sutriissss PKS,Pro
"@iron_steel12 Mbak ayu @SisiwittFrida perlu tahu ini, supaya ga nuduh pak @jokowi pengin 3 periode terus dan semakin semangat mengusung @AgusYudhoyono nyalon, sekalian mbak ayu nyalon wapres ğŸ‘ğŸ‘ğŸ‘",Pro
@kannakamuyy Mendukung jokowi 3 periode,Pro
"@Rudy_pejuang Jokowi bersama rakyat hingga 2024, bahkan jika rakyat mau bisa 3 periode.  Monggo demo sampai kering mata hatimu",Pro
@ChusnulCh__ @ganjarpranowo Kalau seandainya Pak Jokowi tdk bisa 3 periode maka LEBIH BAIK SAYA DUKUNG PAK GANJAR DARIPADA YG DUA LAGI ITU....,Pro
@msaid_didu @hhamdisofyan Kasian amad oposisi koplak. Jokowi tetap 3 periode...  https://t.co/KVkiFtOFqZ,Pro
@prastow @jokowi Cocok 3 periode,Pro
@ekowboy2 Jokowi 3 periode  https://t.co/pthrN4nSzg,Netral
"@panca66 @susipudjiastuti @rachmanfahadi Wacana relawan brojol  ""Jokowi 3 periode"" lalu andai wacana itu di sahkan dgn merubah  https://t.co/VMvTYkesOf rasa perbuatan ini bukan hanya tidak jujur &amp; tidak adil,tapi culas &amp; curang..tanpa adab!",Netral
"Bukti hebatnya pemerintahan 'Jokowi...!! Yg bgini minta 3 periode..?!!  https://t.co/NyrTIHisQ1  KPK menetapkan 10 tersangka suap pengurusan perkara di Mahkamah Agung (MA). Salah satu tersangka kasus tersebut adalah Hakim Agung pada MA, Sudrajad Dimyati.",Kontra
@fitrialubis16 @jevanadi Jokowi 3 periode ga?,Netral
@pengarang_sajak Jika Jokowi batal 3 periode Jika Jokowi batal jadÃ­ Cawapres Jika Ganjar batal diusung   Anies akan menang Pilpres.,Netral
"@benaradil @sociofixer Ya udah pilih jokowi lagi 3 periode ğŸ˜…    Paling ngeri ketemu org yg merasa diri paling bener dan baik sendiri, merasa paling sempurna sendiri ibadahnya.",Netral
@Nasab_Republik @KaryawanTuhan77 Pasti dilawan Jokowi 3 periode!!!!!,Pro
"@OposisiCerdas maksudnya Anies gak usah, biar Jokowi 3 periode, atau boneka baru besutan oligarki yang dari suku jawa hobbynya nonton bokep",Pro
Boleh donk bila ada yg orasi dan teriak usul Pak Jokowi lanjut 3 periode.  Take beer.. ğŸ»ğŸ»ğŸ»,Pro
Yg ngomong @jokowi PENCITRAAN pasti kadrun hahahaha #JokowiPresidenku #Jokowi3Periode  https://t.co/R6bmexp9SH,Pro
"Mungkin mereka termakan narasi narasi 3 Periode atau yang terbaru Pak Jokowi bisa jadi caWapres juga.ğŸ¤£ğŸ¤£ğŸ¤£ğŸ¤£ Kalau sampai termakan isu dan narasi tsb,memang cocok deh dengan si RG.fiksion melulu. Apalagi di tambah pendukung Demokrat yang lagi up jagoan mereka dengan pak Anis:)",Netral
"@kickman9 @ShamsiAli2 Ngapain, mending jokowi 3 periode",Pro
"@Caaguur ga muluk muluk kok. yg penting finansial stabil, bisa diandalkan, tanggung jawab, hafal naskah supersemar, bisa mengeluarkan jaring laba laba, tau dalang dibalik pembunuhan munir dan dukung jokowi 3 periodeâ˜ºï¸",Pro
@bjorkanismreal Jokowi 3 periode,Netral
"@abu_waras Hambalang banyak ditahan dipenjara,.. Proyek mangkrak terbengkalai jaman Jokowi apakah ada yg ditahan..?? Ini pertanyaannya Pantesan setengah mampus akal2an Jokowi 3 periode",Kontra
@CNNIndonesia HAHAHAHAHAHAHAHA PLOT TWIST HAHAHAHAHAHAHAHAHAAAA JOKOWI 3 PERIODE NKRI PRICE DEAD ğŸ™ŒğŸ»,Kontra
@yonifree @abu_waras @jokowi @aniesbaswedan Haram dukung yg ngerengek minta 3 periode. ğŸ¤£,Kontra
"mengundurkan pelaksanaan pemilu dari 2024 atau Jokowi jabatan Presiden 3 periode yang disampaikan dengan nada suara persis kembar siam. Maka narasi yang disampaikan Mahfud MD. Seakan diskreditkan Jokowi, atau menunjukan kepada publik, dirinya berpikiran objektif, melalui metode",Netral
@abu_waras @jokowi @aniesbaswedan kesannya kok malah kampanye 3 periode ğŸ˜‚,Kontra
@abu_waras @jokowi @aniesbaswedan Tapikan ada yg mau 3 periode tuh...,Kontra
"@abu_waras @NajwaShihab @jokowi g akan 3 periode, UU pemilu msh sama pemerintahan tk1 dan 2 di pilih rakyat. Siapa yg melemahkan hak hak suara dr rakyat. Noted. Peristiwa diatas terjadi tahun 2019 akhir.  Tonton linknya biar faham dan Waras Bhakakakakaka ",Kontra
@Dewie011 Semakin dalam terasa Indonesia butuh Jokowi 3 periode,Pro
"@Target_Twity haloooo..... sudah baca dan liat pernyataan Presiden belum, dengan tegas Jokowi menolak 3 periode karena secara konstitusi dilarang. jangan memfitnah gaes",Netral
"@NH_Poetranto @NatizenRi @CNNIndonesia ğŸ˜…ğŸ˜…masa @jokowi takut sama kota KEDIRIğŸ˜…, gitu mau 3 periode ğŸ˜…, seumur hidup juga gapapa jadi presiden,tapi harus berani berkunjung ke KEDIRIğŸ˜…ğŸ˜…,,supaya terlihat sehat jiwanyağŸ˜…, emang salah apa kota",Kontra
"Soal Jokowi Tiga Periode, Menko Luhut Kembali Singgung Big Data  https://t.co/cd6hgYLuhn #Jokowi3Periode #RockyGerung",Netral
"kalo air hujan di tangerang mewakili perasaan cintaku padamu, maka rasa mu padamu mewakili jokowi 3 periode",Pro
"@ab_anward @DokterTifa klo jokowi bs kerja sperti anies, mau seumur hidup gue dukung... org klo cm bs bikin sengsara didukung 3 periode...situ waras..??",Kontra
"@abu_waras @jokowi @aniesbaswedan Makanya dukung donk p Jokowi maju 3 periode. Masak hanya di medsos. Dukung ya di MK nanti, jgn terkencing2. Berani drun???",Kontra
@Tan_Mar3M Hidup Paduka Jokowi 3 Periode Lanjutkeen,Pro
"Dicecar Rocky Gerung soal Isu Jokowi 3 Periode, Jawaban Luhut Mengejutkan   https://t.co/a9OcA30GGT",Netral
"Jokowi Berkali-Kali Tolak 3 Periode, Jusuf Kalla: Saya Yakin Hati Nurani Beliau...  https://t.co/kYyfias2fk",Netral
"Dituding Dalang Wacana Jokowi 3 Periode, Luhut: Eh Kau Jangan Asal Omong!  https://t.co/pzn9zXkaux",Netral
"Tak Terima Dituding Dalang Wacana Jokowi 3 Periode, Luhut: Eh Kau Jangan Asal Omong!  https://t.co/AlH0I6ajUW",Netral
"@dayce2229 @msaid_didu Sah"" aja mewacanakan 3 periode kan belum tentu jg direalisasikan, sama halnya yg minta pak jokowi mundur ga ada yg salah biasa aja..",Netral
@BradHarizz @Uki23 Tambahi tulisan &amp; cuap2 Jokowi 3 periode atau seumur hidup...,Pro
@RabintonRfp @ab_anward @DokterTifa Tp bs jd jokowi 3 periode..tp gk melalui pilihan..tp karna sesuatu misal bya bencana dahsyat..yg kemungkinan  pilpres di undur..,Netral
#jokowi3periode #jokowi3periode  https://t.co/4FlCkAnwsi,Netral
@jansen_jsp #salam3jari #jokowi3periode  https://t.co/s65pqruJkv,Netral
"Luhut Minta Masyarakat Jangan Langsung Menolak Wacana Jokowi 3 Periode, Begini Alasannya  https://t.co/XxQpmDMBHC #beritajogja #jogja #jogjaistimewa  https://t.co/3EPjaK4cfd",Netral
"@abu_waras @NajwaShihab Jokowi mundur/turun boleh gembar gemborkan. Jokowi 3 periode nggak boleh. SamaÂ² melanggar konstitusi kok mau menang sendiri, ini lah enak demokrasi siapa saja bisa berwacana dan bersuara.",Kontra
"@MARQUEZ__93 @jansen_jsp Soalnya ga ada prestasinya. Nyalon gubernur aja keok. Jadi ga usah bicara tingkat nasional dulu deh,terlalu besar. Tingkat kota aja masik keok. Atau SBY lawan jokowi aja gmn? Sama sama 3 periode nih. SBY-ANIS vs JOKOWI-PRABOWO.",Netral
@wepe20_ Kaga fix ini mah. Jokowi 3 periode,Kontra
"@KompasTV Wah kompas udah mulai memberitakan fakta buruk orang2 jokowi, udah gak yakin 3 periode. Tinggal nunggu mau pindah dukungan kemana nih kompas",Netral
@ab_anward @DokterTifa Setuju....seandainya konstutusi mengijinkan jokowi pasti 3 periode.,Pro
@bachrum_achmadi Rakyat Indonesia auto Jokowi 3 periode.  Ente pengen Anies dilantik hari ini jadi presiden di JIS silahkan saja ğŸ¤­,Pro
Rakyat Indonesia dukung @jokowi  3 periode jadi presiden.   drun nangis guling guling ğŸ¤£ğŸ¤£  Suara hati masyarakat yang jujur.  https://t.co/5qj4W2t8kz,Pro
@bendolganteng @VeelaaRhie @SBYudhoyono @AgusYudhoyono JanganÂ² isu Presiden 3 periode atas suruhan doi ya ... tapi nembaknya ke Pakde Jokowi.,Netral
Luhut Bantah TudinganÂ Dalang Wacana Jokowi 3 Periode  https://t.co/2iVbzaU5bs,Netral
@fxqbee jokowi 3 periode,Netral
Luhut Ngaku Lihat Jerman soalÂ Wacana Jokowi 3 Periode  https://t.co/i7zUV7Vjo2,Netral
@AminkMach @jokowi Yg ngomong 3 periode kan cak imin yg ternyata punya niatan sendiri ğŸ¤£ğŸ˜‚,Netral
"@pollingbangsa @SutanMangaraHrp @NawariErika @BirdsNeeds @WKherhuk58 @fauziarif_fauzi Naaah ini yg otak nya nggak ditempatkan ditempat yg bener, ngomongnya ngelantur, tadi dengkulnya sempet kepentok kale ya... Hkhkhkkkkkkkk... Bilang Jokowi minta 3 period",Kontra
"@YRadianto Kalau ganjar pranowo di jegal  Demit demit elit Bearti jokowi harus 3 periode,   Nasib bangsa ini bukan ditentukan oleh mereka ( surya paluh, SBY, megawati, yusup kala dll,)  Suara rakyat = suara Tuhan Kehendak rakyat = kehendak Tuhan  Rakyat b",Kontra
"@Berliannew Hebatnya Jokowi kan di Omong bohongnya. Herannya Rakyat bodoh msh percaya Jokowi utk ikut calon pilpres  3 Periode dgn alasan Jokowi mau selesaikan Reel kereta api cepat JKT Bandung,Mau bangun IKN .Alasan yang tidak masuk di akal sehat.Jokowi ",Kontra
"@abu_waras @NajwaShihab Tdk ada yg salah dgn pernyataannya, selaras dgn kebijakan pemerintah saat ini. Pak Jokowi jelas tdk setuju dgn presiden 3 periode dan pilkada dialihkan ke DPRD",Netral
@ElNursad @JebuelMania900 @aniesbaswedan Jokowi 3 periode donk,Pro
